,Datetime,Tweet_Id,Text,Username,Likecount,Retweetcount,Replycount,Quotecount
0,2021-05-12 13:12:25+00:00,1392467700644032514,"""Trust and benevolence are two major components of happiness"" - @MaryGraceGaris. Discover more about the components of happiness in @iamwellandgood's article, The World Happiness Report is Giving You Something to Smile About üëá #WHR2021 #wellbeing 
https://t.co/kJi7KIPoLk",HappinessRpt,5,2,1,0
1,2021-05-10 14:49:25+00:00,1391767337049669637,"""Mental health and inequalities in mental health will need to be foremost in policymakers' minds as they respond to the pandemic's continued challenges and then the need to rebuild the economy"" Ch. 5 of #WHR2021. @TheIFS #MentalHealthAwarenessWeek   
üëâhttps://t.co/C8QUWZGu9i https://t.co/TCWuFl5FLo",HappinessRpt,5,5,0,0
2,2021-05-05 09:30:00+00:00,1389875012711059460,"‚ÄúIn terms of well-being-years per person born, the world has made great progress in recent decades which even COVID-19 has not fully offset.‚Äù - Richard Layard, Co-editor of Ch. 8, Living long and living well: The WELLBY approach. üëâ https://t.co/KGj3rXtg9F https://t.co/cmfrETySSF",HappinessRpt,5,1,0,0
3,2021-05-03 14:23:15+00:00,1389224038384427009,"In the case of COVID-19, pro-sociality is required at all scales of interactions. Figure 4.1 shows the adoption of wearing face masks in countries from March 2020 - January 2021. To learn more, read Ch. 4 of the 2021 World Happiness Reportüëâhttps://t.co/Oy3fet35LY 
#WHR2021 https://t.co/TYCx8O94GZ",HappinessRpt,7,3,2,0
4,2021-04-29 17:18:21+00:00,1387818550224621570,"How do we pursue happiness in an increasingly digital world? Read a @forbes article by @tokoyokoi on the latest World Happiness Report. #WHR2021 #worldhappiness 
https://t.co/S6wTz18NZm",HappinessRpt,11,4,0,0
5,2021-04-28 13:14:00+00:00,1387394668996960264,"How did social media usage impact well-being during COVID-19? Read Ch. 6, Social Connection and Well-Being during COVID-19, of the World Happiness Report 2021. #WHR2021 #Wellbeing 
üëâhttps://t.co/PREa2VWc6T
@UCRiverside @slyubomirsky @lbaknin https://t.co/qMDvYup6Hf",HappinessRpt,8,4,0,0
6,2021-04-26 14:46:32+00:00,1386693181765562369,"Mental health is a key component of subjective well-being in its own right and is also a risk factor for future physical health and longevity. Figure 5.1 shows four key phases that outline the pandemic's mental health impacts. @TheIFS #WHR2021
Ch. 5 üëâ https://t.co/I7nG6Seu8p https://t.co/jgGrT1BFUn",HappinessRpt,8,5,1,0
7,2021-04-23 13:16:00+00:00,1385583232817803264,"Learn more about the methodology behind the World Happiness Report rankings and evaluations in a new article by @GlblCtzn. üëá #WHR2021 #worldhappiness 
https://t.co/U8pD1Hlvbq",HappinessRpt,15,5,1,0
8,2021-04-22 12:53:40+00:00,1385215227021701123,"Happy Earth Day! 
Leaders Summit on Climate - Day 1 https://t.co/I14c8fERCU via @YouTube",HappinessRpt,4,0,0,0
9,2021-04-21 13:37:00+00:00,1384863741913743366,"Benevolence matters for happiness. Figure 2.4 of Ch. 2 in the World Happiness Report shows the effects of expected wallet return in comparison with actual unemployment, and violent crime, and mental health.  #WHR2021 üëâhttps://t.co/mLcgDXVxFV 
@UBC @KDI_SCHOOL @UAlberta https://t.co/ktLhKg4CBx",HappinessRpt,9,2,0,1
10,2021-04-20 14:41:22+00:00,1384517553171615749,"What Makes a Happy Country? https://t.co/WMNY8rpPPo 
#WHR2021 @Gallup @HappinessRpt",HappinessRpt,14,13,0,1
11,2021-04-20 14:38:13+00:00,1384516762067083269,"‚ÄúWe believe that these subjective, or self-perceived evaluations are a more reliable way to tell how good life is,‚Äù said Shun Wang, co-Editor of the @HappinessRpt https://t.co/WlE6FP7B8I",HappinessRpt,7,1,0,0
12,2021-04-20 13:40:11+00:00,1384502155130941440,"It has been one month since the launch of the World Happiness Report 2021! üåéüåèüåç #WHR2021 
Read the report at https://t.co/KqNvd3OINv https://t.co/P7pfkERhDo",HappinessRpt,10,4,0,0
13,2021-04-19 19:21:18+00:00,1384225613565730822,"For those who have recently lost their jobs, finding a new one amid a recession can be exceedingly difficult. Data from @indeed shows, in many countries, the trend in job postings plummeted by more than 50% in April 2020. 
Learn more in Ch. 7üëâ https://t.co/aYx6jmKNg1 https://t.co/UH5uOoXuLH",HappinessRpt,8,3,0,0
14,2021-04-15 13:20:00+00:00,1382685136970338305,"""This has been a very challenging year, but the early data also show some notable signs of resilience in feelings of social connection and life evaluations""  @lbaknin, co-editor of the #WHR2021. https://t.co/HjWK9Jiew6",HappinessRpt,8,3,0,0
15,2021-04-13 13:19:00+00:00,1381960109207789570,"Figure 4.6 in the #WHR2021 shows how countries rated themselves for following their country's COVID-19 rules. Learn more about Ch. 4, Reasons for Asia-Pacific Success in suppressing COVID-19, below üëáhttps://t.co/Oy3fet35LY @YouGov https://t.co/wh8s1PVBsY",HappinessRpt,5,2,0,1
16,2021-04-09 13:38:00+00:00,1380515339117723651,"""Around the world, trust and generosity helped us cope with crisis."" - @KiraMNewman. Read more on how the world coped with the COVID-19 pandemic in a @GreaterGoodSC article about the #WHR2021 üëá
https://t.co/8VOWwxkFy4",HappinessRpt,11,5,0,0
17,2021-04-08 13:46:00+00:00,1380154964669046786,Ch. 3 of the #WHR2021 discusses COVID-19 Prevalence and Well-being: Lessons from East Asia. Table 3.1 shows four out of five East Asian regions implemented comprehensive contact tracing at the early stages and continued making efforts later. https://t.co/DZIEt8mpcq @WFEudaimonia https://t.co/dwDTnW2JVp,HappinessRpt,5,2,0,1
18,2021-04-07 15:41:53+00:00,1379821741619437573,"As today marks World Health Day, how do we make good health and well-being a policy priority? Read lessons learned from the 2021 World Happiness Report in the @BrookingsInst article below üëá #WHR2021
https://t.co/IWezdHBtTq",HappinessRpt,10,5,0,0
19,2021-04-06 15:28:23+00:00,1379455953700073478,"In light of growing research on the pandemic, particular patterns have emerged about who is faring better or worse. In the figure below, authors outline protective factors and risk factors for positive and negative well-being during COVID-19. 
Ch. 6üëâ https://t.co/PREa2VEBfl https://t.co/hfig1aZapA",HappinessRpt,26,11,0,2
20,2021-04-06 13:25:07+00:00,1379424933709746180,"How did COVID-19 impact the relationship between work and well-being? Read the latest article on the #WHR2021 from @indeed, who made their workplace happiness survey data available for the purposes of the World Happiness Report. #wellbeing #happiness 
https://t.co/jYRJbbOxqv",HappinessRpt,18,6,0,0
21,2021-04-01 14:49:24+00:00,1377634206394806275,"üëâ""Insight #1: Benevolence matters more to happiness than salary,
üëâInsight #2: Employment is paramount, even during a pandemic, 
üëâInsight #3: A pandemic may change the way we work, but it doesn‚Äôt change what makes us happy in our jobs"" @Forbes 
https://t.co/w8Wp0PlAyi",HappinessRpt,28,9,1,0
22,2021-03-31 22:37:28+00:00,1377389609554911232,Deep Dive sessions into the 2021 World Happiness Report are up! Watch here: https://t.co/oHmu4xdYPl via @HappinessRpt #WHR2021 https://t.co/Hc8PcdgGgu,HappinessRpt,14,9,0,0
23,2021-03-30 19:56:30+00:00,1376986716146393096,Why Finland And Denmark Are Happier Than The U.S. https://t.co/zplDsOjuB1 via @HappinessRpt,HappinessRpt,7,2,0,1
24,2021-03-30 16:07:51+00:00,1376929171235033088,Check out our Media round up on the World Happiness Report 2021 https://t.co/8ZFcCVLrB9 via @HappinessRpt #WHR2021,HappinessRpt,9,6,0,0
25,2021-03-24 18:26:08+00:00,1374789644542443527,We thank our Data Partner @Gallup for providing and supporting our work every year. https://t.co/l0ezjYOdcI,HappinessRpt,11,3,0,0
26,2021-03-23 14:32:30+00:00,1374368463087529988,"""Seek social support, and give it.""
World Happiness Report is out, with a surprising picture of global resilience @washingtonpost @JeffDSachs @CSD_Columbia @slyubomirsky @Gallup @UBC https://t.co/5sfCdVD1NG",HappinessRpt,45,28,2,4
27,2021-03-23 13:06:16+00:00,1374346760718581766,"How has COVID-19 affected world happiness? : [customExcerpt numchars=""100"" postid=""43901""] https://t.co/qwMp4FGj6D",HappinessRpt,3,2,0,1
28,2021-03-20 14:04:45+00:00,1373274315865604096,"We go live at 11:00 AM EDT
2021 World Happiness Report Launch https://t.co/1N8vFMb0Zw via @YouTube",HappinessRpt,13,3,4,2
29,2021-03-19 22:02:27+00:00,1373032142045913096,@researchremix Search for Canda here https://t.co/oVjF2z9W14,HappinessRpt,1,0,1,0
30,2021-03-19 22:01:33+00:00,1373031917101182979,"@JamesNeophytou you can now search by country :)
https://t.co/oVjF2z9W14",HappinessRpt,1,1,0,0
31,2021-03-19 20:50:01+00:00,1373013916612227079,"Official 2021 World Happiness Report Ranking
https://t.co/oVjF2z9W14 #WHR2021 https://t.co/iJV7OifUyH",HappinessRpt,135,80,63,74
32,2021-03-19 17:43:41+00:00,1372967024075419650,"Watch now! @lbaknin of @HappinessRpt talk about ""A Happiness Check-In as the Pandemic Enters Year Two"" with @Revkin https://t.co/MtvDpXpDnR",HappinessRpt,8,5,2,0
33,2021-03-19 17:15:44+00:00,1372959987845189637,"Join Prof. Shun Wang of @KDI_SCHOOL and @WuLavender of @WFEudaimonia on March 20 #InternationalDayOfHappiness üëâ https://t.co/qHzZX2nZRs
https://t.co/KqNvd3OINv https://t.co/smG27dM89o",HappinessRpt,9,4,0,1
34,2021-03-19 17:06:13+00:00,1372957592599822345,"Join @jedeneve Director of the @OxWellResearch on March 20 International Day of Happiness https://t.co/qHzZX2nZRs
Read the report: https://t.co/yzp26v2hjj https://t.co/c1U6sy4FPM",HappinessRpt,9,6,0,1
35,2021-03-19 09:36:34+00:00,1372844434631634955,"Join @JeffDSachs on March 20 International Day of Happiness https://t.co/qHzZX2nZRs
Read the report: https://t.co/KqNvd3OINv https://t.co/0fLzHhsYno",HappinessRpt,20,11,0,2
36,2021-03-19 09:23:55+00:00,1372841254657089538,Learn more about the findings of The World Happiness Report 2021 https://t.co/KqNvd3OINv https://t.co/XCQo37wY95,HappinessRpt,28,11,3,3
37,2021-03-19 09:13:58+00:00,1372838748027768837,"The World Happiness Report 2021 is out!
https://t.co/yzp26v2hjj
Learn more on #InternationalDayofHappiness March 20 https://t.co/qHzZX2nZRs https://t.co/ATXowsgq75",HappinessRpt,31,17,1,8
38,2021-03-19 08:45:04+00:00,1372831475247235072,"The World Happiness Report 2021 is out!
https://t.co/KqNvd3OINv
Join the conversation on March 20, #InternationalDayofHappiness
ttps://buff.ly/3dMLzwD",HappinessRpt,11,2,1,0
39,2021-03-19 08:41:27+00:00,1372830564294782976,"Join @RichardLayard of @CEP_LSE at The World Happiness Report 2021 webinar
Register: https://t.co/qHzZX2nZRs
Read the report: 
https://t.co/J5rBXawHMc https://t.co/KKHgpBHwbb",HappinessRpt,14,3,0,2
40,2021-03-19 08:24:32+00:00,1372826308548427778,"Learn more on March 20
https://t.co/qHzZX2nZRs https://t.co/mffSrAi6Mv",HappinessRpt,0,0,0,0
41,2021-03-19 08:01:44+00:00,1372820569196990464,"In a Lamentable Year, Finland Again is the Happiest Country in the World https://t.co/jGzx81PEo2 via @HappinessRpt https://t.co/oUp6crxZJi",HappinessRpt,157,83,9,61
42,2021-03-13 16:00:08+00:00,1370766635536158722,"How was well-being affected by earlier or later re-openings of the economy? 
Learn more on March 20 üëâ https://t.co/qHzZX2nZRs https://t.co/HQ6td2mic2",HappinessRpt,9,6,0,0
43,2021-03-11 23:26:22+00:00,1370154157890547718,Congratulations to our wonderful partner @illycaffe and Chairman @andrea_illy https://t.co/Utv56sWVJH,HappinessRpt,4,0,0,0
44,2021-03-11 21:31:19+00:00,1370125205008482310,"Leading up to #WHR2021, The World Happiness Report team was interviewed by @inversedotcom for their role in measuring happiness, explaining how the report is much more than just the rankings.

Read full article: https://t.co/6zH1GBMaFN
Launch of #WHR2021: https://t.co/qHzZX2nZRs https://t.co/tgIr4V2kAl",HappinessRpt,6,2,0,1
45,2021-03-08 16:18:59+00:00,1368959441400455183,"‚ÄúIt‚Äôs so much harder to handle these big negative life events when one doesn‚Äôt have a network.‚Äù 
.@HappinessRpt Co-Editor &amp; Director of @OxWellResearch @jedeneve speaks w/@citylab
https://t.co/dvejF0XEUE",HappinessRpt,14,6,2,0
46,2021-03-05 19:29:10+00:00,1367920139178508289,"The 2021 World Happiness Report comes out on March 20!
Join us when we observe the @UN #InternationalDayOfHappiness https://t.co/NPZ03snGdX https://t.co/Zu8uD2wEZ3",HappinessRpt,19,12,0,0
47,2021-03-03 18:54:49+00:00,1367186718265380865,What were the changes in World Happiness under COVID-19? Find out more on March 20 when we release the 9th .@HappinessRpt Register today! https://t.co/NPZ03snGdX https://t.co/PmVCa05oOU,HappinessRpt,11,7,0,1
48,2021-03-03 09:04:33+00:00,1367038174170664960,"Do you remember the 6 key indicators we measure for Happiness? 
Take a refresher course before the 2021 WHR comes out.
https://t.co/8NQDxljs4k",HappinessRpt,8,3,0,0
49,2021-03-02 18:24:26+00:00,1366816683533434880,".@lbaknin Associate Editor of the @HappinessRpt shares the research done with The Lancet @Commissioncovid with The @VancouverSun üá®üá¶ 
https://t.co/7xOGW3cTDR",HappinessRpt,6,5,0,0
50,2021-03-02 17:00:20+00:00,1366795519050346500,".@JeffDSachs Founding Editor of the @HappinessRpt, has a new Book Club podcast! Join and listen today!
https://t.co/uRrqzRnwTd @SDG_Academy",HappinessRpt,9,3,0,0
51,2021-03-01 22:57:50+00:00,1366523099492085765,Join @actionhappiness for #MindfulMarchüòÄ https://t.co/pijg7jllY9,HappinessRpt,6,4,0,0
52,2021-02-28 19:06:06+00:00,1366102394518589443,".@HappinessRpt Founding Editor @RichardLayard, How to be happier https://t.co/IwxwQoLi6M via @YouTube",HappinessRpt,17,12,0,1
53,2021-02-24 21:40:35+00:00,1364691721821556737,".@actionhappiness Will join us on March 20, #InternationalDayofHappiness will you? https://t.co/9Edlk1oK4I",HappinessRpt,11,1,0,0
54,2021-02-24 21:35:08+00:00,1364690349323649033,"@actionhappiness will join us on #InternationalDayofHappiness on March 20, will you? https://t.co/9Edlk1oK4I",HappinessRpt,3,0,0,1
55,2021-02-22 21:25:33+00:00,1363963160600981508,"@HappinessRpt ‚Äî created to curtail our unhealthy obsession with G.D.P. ‚Äî is dominated every year by the Nordic countries. We head to Denmark to learn the secrets of this happiness epidemic (and to see if we should steal them).
https://t.co/AHDJYFlZn9 via @freakonomics",HappinessRpt,5,0,0,0
56,2021-02-19 00:04:53+00:00,1362553706798006275,"The World Happiness Report ‚Äî created to curtail our unhealthy obsession with G.D.P. via @freakonomics
Season 10, Episode 25 https://t.co/AHDJYFlZn9",HappinessRpt,2,0,0,0
57,2021-02-09 18:41:42+00:00,1359210886615941120,The Power of Humor https://t.co/OgrFFKUB86 via @nprone,HappinessRpt,2,2,0,0
58,2021-02-01 17:55:03+00:00,1356300041837797380,2020 was supposed to be a critical year for census enumeration in many countries around the ... https://t.co/NwmiMoW2Bb,HappinessRpt,1,0,0,0
59,2020-11-25 21:30:22+00:00,1331711853169356800,"Join us on 2 December, the Secretary-General will be delivering a major address on the state of the planet at Columbia University in New York https://t.co/FjmPBdpKtU",HappinessRpt,5,1,0,0
60,2020-07-31 13:22:28+00:00,1289189689325363200,New report highlights the impact of COVID-19 on life satisfaction worldwide https://t.co/oUn8OS8wo7,HappinessRpt,19,21,2,4
61,2020-07-13 21:26:50+00:00,1282788602066415623,"The nutritional status of the most vulnerable
population groups is likely to deteriorate further due to
the health and socio-economic impacts of COVID-19. https://t.co/QjB4w6BRoS",HappinessRpt,3,1,0,0
62,2020-05-21 18:18:51+00:00,1263534738637303808,Japan suicides decline as Covid-19 lockdown causes shift in stress factors https://t.co/4ww1wSKwQ9,HappinessRpt,9,6,0,1
63,2020-05-01 18:39:34+00:00,1256292195960852480,Take a minute to remember what really matters to you and why #MeaningfulMay https://t.co/2dOwkGviI2,HappinessRpt,14,7,1,1
64,2020-04-22 21:29:02+00:00,1253073351247040515,"Help us understand how citizens prepare and cope with the spreading coronavirus. The @HappinessRpt Editors urge you to take the global COVID-19 survey, available in 69 languages: https://t.co/5GGMIu7aUT #covid19study #covid19study",HappinessRpt,9,10,0,0
65,2020-04-22 16:00:22+00:00,1252990640494911490,Participate! Take the survey on the International Survey on Coronavirus Contribute to a Greater Good for All! https://t.co/cIM4xYgvX0,HappinessRpt,9,7,0,1
66,2020-04-22 04:26:53+00:00,1252816118852358149,"8AM EDT (2PM CEST) Co-editors @JeffDSachs &amp; @jedeneve of @OxWellResearch speak w/ @PaulPolman @davidebollati &amp; Eric Ezechieli Officer @nativalab, as they tackle the role of businesses in shaping a happy and sustainable economy
Register for Session 3 https://t.co/8QUl2JkB9B https://t.co/4PKJrvNeUa",HappinessRpt,10,6,0,1
67,2020-04-14 15:51:47+00:00,1250089376773812225,https://t.co/gb3pkitgJp,HappinessRpt,0,0,0,0
68,2020-04-10 15:26:03+00:00,1248633347842195458,Andrea Bocelli: Music For Hope - Live From Duomo di Milano https://t.co/x17JT5L4B8 via @YouTube,HappinessRpt,3,1,0,0
69,2020-04-08 22:33:59+00:00,1248016266440224768,"Happiness and Sustainability Around the Earth https://t.co/L1okCDtozR via @YouTube

Join us on Earth Day, April 22
https://t.co/MwhDfSEHs0 https://t.co/iy4xhuhmSU",HappinessRpt,5,1,0,0
70,2020-04-03 15:37:25+00:00,1246099494527254529,Reflections on COVID-19 and Our Destruction of Nature https://t.co/k82n1L2Ccf,HappinessRpt,3,0,2,0
71,2020-03-30 18:24:24+00:00,1244691966861795329,How's Life? 2020 - Measuring Well-being - en - OECD https://t.co/bHPhQJ7LZO via @OECD,HappinessRpt,0,0,1,0
72,2020-03-25 19:42:37+00:00,1242899711545282561,In Zeiten der Corona-Krise: Wie steht‚Äôs ums Gl√ºck? https://t.co/6AepcG3ktQ #fplus via @faznet,HappinessRpt,2,1,0,0
73,2020-03-24 16:48:39+00:00,1242493541949079559,How to Stay Sane during this pandemic https://t.co/1jNkzCmA3w,HappinessRpt,5,0,0,1
74,2020-03-24 13:18:27+00:00,1242440641893871617,Coronavirus lays bare the trauma of losing your job by our Co-editor .@jedeneve https://t.co/jcsG2uZS0A via @ConversationUK,HappinessRpt,6,2,0,0
75,2020-03-23 20:36:58+00:00,1242188612143382530,@antonioguterres: Calling for immediate global ceasefire - UN chief on COVID-19 https://t.co/8NB9zkuuDz via @YouTube,HappinessRpt,0,0,0,0
76,2020-03-21 18:19:41+00:00,1241429287548391424,"One of our takeaways from our #WHR2020 webinar, ""Let's call it ""Physical Distancing"" SOCIAL CONNECTIONS are still so valuable and especially during times like right now""
World Happiness Report 2020 https://t.co/B8oOiypxp4 via @YouTube https://t.co/SFy3RG1aqL",HappinessRpt,20,8,2,2
77,2020-03-20 14:49:40+00:00,1241014048692592642,"Join the WHR editors for a Q&amp;A of the #WHR2020
https://t.co/g9rMd8rTAU",HappinessRpt,1,0,1,0
78,2020-03-20 06:02:25+00:00,1240881362049085442,"Your Friday Briefing https://t.co/Pi6cpvNR9I
#WHR2020: Finland once again topped the annual list. The study measures general life satisfaction and confidence that one lives in a place where people take care of one another ‚Äî not how well you express your emotions.",HappinessRpt,16,8,0,2
79,2020-03-20 06:00:13+00:00,1240880808585543685,Be Happy and Spread Happiness https://t.co/FmhdJszjyN,HappinessRpt,1,1,0,0
80,2020-03-20 05:48:28+00:00,1240877851810893825,"A unique time for the World's Happiest Countries report. #WHR2020 #happiness2020
https://t.co/oj0PJg163i",HappinessRpt,4,5,0,1
81,2020-03-20 05:16:43+00:00,1240869859883454465,Smile? The Results From the 2020 World Happiness Report Are In https://t.co/CIpDK0kyQL ‚ÄúWe can‚Äôt fight this epidemic just at the individual level. We need a lot of shared action.‚Äù @jeffdsachs of @CSD_Columbia,HappinessRpt,53,37,1,9
82,2020-03-20 05:00:46+00:00,1240865844147740673,"The #WHR2020 is out! 
#InternationalDayofHappiness 
https://t.co/Jd8K5V918K https://t.co/FJLF73ntjs",HappinessRpt,48,29,1,17
83,2020-03-20 01:08:14+00:00,1240807326573101057,Be part of something bigger. Celebrate #InternationalDayOfHappiness by making more positive connections with others https://t.co/DtHMfQp6nP,HappinessRpt,4,0,0,1
84,2020-03-20 01:06:55+00:00,1240806995181080576,"The WHR 2020 will be released on March 20, 2020, @ 1:00 AM ET https://t.co/yzp26v2hjj 
#WHR2020
#Happiness2020
#InternationalDayOfHappiness https://t.co/1nXuDzG7W9",HappinessRpt,9,3,0,2
85,2020-03-19 03:32:54+00:00,1240481347044605952,"Join us for the global virtual launch of the #WHR2020 on 20 March, #InternationalDayofHappiness Register today! https://t.co/g9rMd8rTAU https://t.co/dKIdvCwn5q",HappinessRpt,11,4,1,2
86,2020-03-12 02:09:11+00:00,1237923560720662528,"Join @UNSDSN and @CSD_Columbia as we virtually launch the @HappinessRpt on March 20th, #InternationalDayOfHappiness! Learn who takes the top spot, what‚Äôs new about the #WHR2020, and how we can improve well-being across the globe. Register today -&gt; https://t.co/G7ZiECOgaT",HappinessRpt,13,11,1,0
87,2020-01-20 18:10:54+00:00,1219321416337805312,How to make the world happier ‚Äì and why it should be our first priority https://t.co/qlRPoSGcJF,HappinessRpt,13,5,1,0
88,2019-06-17 14:21:09+00:00,1140625433576321025,https://t.co/VbxJZ6w3dk,HappinessRpt,5,3,0,0
89,2019-04-08 14:34:39+00:00,1115261680567635969,https://t.co/9pXZivznKK,HappinessRpt,14,7,1,1
90,2019-03-29 13:56:13+00:00,1111628128374476800,https://t.co/BTDhl6za73 https://t.co/Vu8xCz8bgB,HappinessRpt,1,0,1,0
91,2019-03-29 13:54:08+00:00,1111627602480058368,https://t.co/GGv4lMHzK0,HappinessRpt,1,2,0,1
92,2019-03-25 14:11:58+00:00,1110182540227346432,"Professor John Helliwell: ‚Äã‚ÄúThe world is a rapidly changing place... How communities interact with each other whether in schools, workplaces, neighborhoods or on social media has profound effects on world happiness.‚Äù https://t.co/lyKcmajxlE #Happiness2019 #WHR19 @andrea_illy",HappinessRpt,13,5,0,1
93,2019-03-22 14:55:37+00:00,1109106361185587200,Increases in electronic device and digital media use by adolescents can predict lower well-being later in life. Read more in the #Happiness2019 Report: https://t.co/BTDhl6za73,HappinessRpt,3,4,0,0
94,2019-03-22 14:42:07+00:00,1109102963581222912,"How happy is your country? Read the #Happiness2019 Report today, launched on March 20 at the @UN:
https://t.co/BTDhl6za73 https://t.co/SKz76K6b4a",HappinessRpt,11,13,0,2
95,2019-03-20 18:05:55+00:00,1108429475023372288,Happiness and growth: Economic growth does not guarantee rising happiness https://t.co/BuKvgEuPEQ via @TheEconomist #happiness2019,HappinessRpt,24,18,0,2
96,2019-03-20 16:47:47+00:00,1108409812461776896,Finland ranked #1 on the‚Äã #Happiness2019‚Äã Report! Download the report to see why:‚Äã https://t.co/lyKcmajxlE‚Äã #HappyPeople @UNSDSN @andrea_illy @FinlandUN #WHR19 https://t.co/AGvryQyjQe,HappinessRpt,11,7,2,1
97,2019-03-20 16:26:06+00:00,1108404358276894721,Denmark ranked #2 on the‚Äã #Happiness2019‚Äã Report! Download the report to see why:‚Äã https://t.co/lyKcmajxlE‚Äã #HappyPeople @Denmark_UN https://t.co/tDIU192uTG,HappinessRpt,7,3,0,2
98,2019-03-20 15:10:27+00:00,1108385320020643840,Norway ranked #3 on the‚Äã #Happiness2019‚Äã Report! Download the report to see why:‚Äã https://t.co/lyKcmajxlE‚Äã #HappyPeople #Scandinavia #WHR2019 #HappILLY @NorwayUN https://t.co/MOnJtZ4HlJ,HappinessRpt,5,6,0,1
99,2019-03-20 15:06:10+00:00,1108384242839535616,Iceland ranked #4 on the‚Äã #Happiness2019‚Äã Report! Download the report to see why:‚Äã https://t.co/lyKcmajxlE‚Äã #HappyPeople https://t.co/z3VqfGMNMG,HappinessRpt,3,3,0,0
100,2019-03-20 14:49:05+00:00,1108379940544745473,"‚ÄúWe are living a moment of transition to a new age and this generates a sense of uncertainty... Social happiness is therefore even more relevant... to give a positive perspective and outlook for the present and for the future‚Äù‚Äã @andrea_illy, Fondazione Ernesto Illy #WHR2019",HappinessRpt,19,15,0,2
101,2019-03-20 14:46:10+00:00,1108379209393688577,"How happy is your country? Read the #Happiness2019 Report today:
https://t.co/BTDhl6za73",HappinessRpt,7,2,3,2
102,2019-03-20 14:45:58+00:00,1108379156000227329,Netherlands ranked #5 on the‚Äã #Happiness2019‚Äã Report! Download the report to see why:‚Äã https://t.co/lyKcmajxlE‚Äã #HappyPeople https://t.co/YZWVRGUeW2,HappinessRpt,3,2,0,1
103,2019-03-20 14:39:18+00:00,1108377477985067009,Switzerland ranked #6 on the‚Äã #Happiness2019‚Äã Report! Download the report to see why:‚Äã https://t.co/lyKcmajxlE‚Äã #HappyPeople #WHR19 @UNSDSN @swiss_un https://t.co/lX5u2mToda,HappinessRpt,2,4,0,0
104,2019-03-20 14:22:30+00:00,1108373253771399168,Sweden ranked #7 on the‚Äã #Happiness2019‚Äã Report! Download the report to see why:‚Äã https://t.co/lyKcmajxlE‚Äã #HappyPeople @SwedenUN https://t.co/3kooZMbuGV,HappinessRpt,3,3,0,0
105,2019-03-20 14:14:13+00:00,1108371167109369858,New Zealand ranked #8 on the‚Äã #Happiness2019‚Äã Report! Download the report to see why:‚Äã https://t.co/lyKcmajxlE‚Äã #HappyPeople https://t.co/JjShg2EuL4,HappinessRpt,6,3,0,0
106,2019-03-20 13:56:28+00:00,1108366700225986561,https://t.co/MvTR9AjUrb @actionhappiness,HappinessRpt,13,7,0,4
107,2019-03-20 13:56:01+00:00,1108366587436904448,Canada ranked #9 on the‚Äã #Happiness2019‚Äã Report! Download the report to see why:‚Äã https://t.co/lyKcmajxlE ‚Äã #HappyPeople @UNSDSN https://t.co/N7H7WhqXBg,HappinessRpt,7,7,0,3
108,2019-03-20 13:29:44+00:00,1108359971941613569,Austria ranked #10 on the‚Äã #Happiness2019‚Äã Report! Download the report to see why:‚Äã https://t.co/lyKcmajxlE‚Äã #Happypeople https://t.co/6d0LwSal0S,HappinessRpt,5,3,0,1
109,2019-03-20 13:28:34+00:00,1108359678726152192,"#Happiness2019 focuses on government satisfaction, pro-sociality, digital technology, and incomes:‚Äã ‚Äãhttps://t.co/BTDhl6za73 @actionhappiness",HappinessRpt,8,2,1,1
110,2019-03-20 13:25:33+00:00,1108358918919647238,The #Happiness2019 Report is out! Stay tuned for a release of the top 10 throughout today!‚Äã https://t.co/lyKcmajxlE,HappinessRpt,6,2,0,2
111,2019-03-20 13:24:00+00:00,1108358529965060096,Does #prosocial behavior always increase #happiness? Why or why not? Find out more here ‚Äãhttps://t.co/BTDhl6za73‚Äã #Happiness2019 https://t.co/IHLdohbQOV,HappinessRpt,2,1,0,0
112,2019-03-20 13:22:51+00:00,1108358241547927552,The US is suffering from an epidemic of #addictions. What can #happiness and well-being policies do to help? Learn more here at ‚Äãhttps://t.co/BTDhl6za73 #Happiness2019 https://t.co/1DgVUiq2gK,HappinessRpt,3,0,0,1
113,2019-03-20 13:20:20+00:00,1108357605880184833,Why does increased adolescent electronic device use lead to declines in #happiness later in life? #screentime Read more here ‚Äãhttps://t.co/BTDhl6za73 #Happiness2019 https://t.co/RB8HW9IJJi,HappinessRpt,5,1,0,0
114,2019-03-19 22:15:28+00:00,1108129888974835713,Are happier people more likely to vote? What does #happiness have to do with #populism and #elections? Learn more on March 20 at ‚Äãhttps://t.co/BTDhl6za73 #Happiness2019 https://t.co/yfZXmxLvQY,HappinessRpt,6,4,0,0
115,2019-03-19 21:37:57+00:00,1108120449165209601,"Can #bigdata be used for #happiness? What are the risks? Find out tomorrow, March 20 at https://t.co/BTDhl6za73‚Äã #Happiness2019 https://t.co/xM8rid2pAE",HappinessRpt,10,1,1,2
116,2018-12-14 12:07:45+00:00,1073550105146404864,Gallup launches Migration Research Center via @HappinessRpt,HappinessRpt,1,0,0,0
117,2018-12-14 12:07:13+00:00,1073549973063647233,"How to Be Happy, Freakonomics Radio via @HappinessRpt",HappinessRpt,2,0,0,0
118,2018-03-14 19:01:37+00:00,973997596053331969,Smile and educate yourself to be #happy! Learn more about well-being by downloading the #Happiness2018 report. You can also learn more about sustainable development at the @SDG_Academy . https://t.co/xP2RJz1olw https://t.co/B6vW4pNoFr,HappinessRpt,45,29,1,5
119,2018-03-14 13:00:00+00:00,973906591979204614,The #Happiness2018 Report is out! #Finland is ranked #1! Where does your country stand? https://t.co/tBTzMZ8xdl https://t.co/j8dhQYBRSG,HappinessRpt,173,138,21,85
120,2017-07-05 16:22:24+00:00,882635786037977089,Who can name #SDG16 without looking it up? https://t.co/RDWdTSh7uB,HappinessRpt,4,3,2,0
121,2017-06-22 14:01:21+00:00,877889246077403136,Yesterday: The 2017 Global #Peace Index was launched. @GlobPeaceIndex #GPI2017 #SDG16 https://t.co/nwilBZr4IX,HappinessRpt,9,5,0,0
122,2017-05-15 20:07:28+00:00,864210644395933696,"""The US can and should raise #happiness by addressing America‚Äôs multi-faceted social crisis."" https://t.co/LMSa1UGlHy #WHR2017",HappinessRpt,2,1,0,1
123,2017-05-05 19:24:00+00:00,860575826600906752,"""Is quality of life is better in the U.S., or the country receiving the most US military aid?"" https://t.co/ONNCxmw7LY @thehill #WHR2017",HappinessRpt,3,2,0,0
124,2017-05-04 13:59:00+00:00,860131651170443265,HAPPENING NOW: #MeetOurLeaders with Klaus Leisinger! Tune in: https://t.co/EiOmDj5J1R @SDG_Academy #webinar #fblive https://t.co/M16TPpxQ8U,HappinessRpt,4,2,0,0
125,2017-05-01 15:21:12+00:00,859065173860114432,Happy #MayDay2017! Which types of work make us happiest? Check out Chapter 6 of #WHR2017: https://t.co/BTDhl6za73 #jobsatisfaction https://t.co/w4fTkVqxVr,HappinessRpt,8,6,0,0
126,2017-04-26 17:46:22+00:00,857289763929411585,"""#Happiness is 50% genetic, 10% circumstantial and only 40% under our own control.""  https://t.co/lElz5RTMBd @PittsburghPG @UNSDSN #WHR2017",HappinessRpt,9,6,0,1
127,2017-04-25 11:43:00+00:00,856835934125301760,"There's not one single English word that translates to hygge, yet it's the secret to #happiness:  https://t.co/gCSUAIgYro @nzherald #WHR2017",HappinessRpt,2,4,0,0
128,2017-04-24 16:21:32+00:00,856543641459990528,A host of factors have been attributed to #Nigeria's growing #suicide trend: https://t.co/PSerICD7HS @pmnewsnigeria #WHR2017,HappinessRpt,3,2,0,0
129,2017-04-20 18:52:00+00:00,855131956144619520,"""Happy nations don't focus on growth."" What do they focus on? https://t.co/ZD460j1a9V via @eideard #WHR2017 @UNSDSN",HappinessRpt,7,6,0,0
130,2017-04-17 22:39:00+00:00,854101919299584001,"""In #Norway... there‚Äôs a saying: there‚Äôs no such thing as bad weather, only bad clothing."" #WHR2017 https://t.co/fcz2ZKNxQL @PopWrapped https://t.co/xCmet1DQb8",HappinessRpt,8,5,1,1
131,2017-04-17 09:30:01+00:00,853903363909591040,"""DON'T teach your kids to be rich. Teach them the value of things, not the price."" https://t.co/6EdSXMOsJG #WHR2017 @theSundaily",HappinessRpt,4,4,0,0
132,2017-04-13 16:35:00+00:00,852560765118595072,Are priorities to blame for U.S. unhappiness? Which?  https://t.co/hNYkNXMgRj #WHR2017 #Happiness @sctimes @UNSDSN,HappinessRpt,3,0,0,0
133,2017-04-11 07:34:01+00:00,851699843462451200,Are priorities to blame for U.S. unhappiness? Which?  https://t.co/hNYkNXMgRj #WHR2017 #Happiness @sctimes @UNSDSN,HappinessRpt,4,5,0,0
134,2017-04-08 13:06:14+00:00,850696285535567872,"""Anything beyond $____ doesn‚Äôt add anything to emotional #wellbeing.."" Do you agree w/ their magic number? https://t.co/0wE1NMhhYJ @livemint",HappinessRpt,4,3,0,1
135,2017-04-07 12:37:05+00:00,850326561924538368,Researchers attribute #Norway's #happiness to one word: dugnad. https://t.co/KrNK08fmjJ @readersdigest @UNSDSN @SDSNYouth #WHR2017 https://t.co/kdgyM6rMWi,HappinessRpt,8,6,0,1
136,2017-04-05 11:34:01+00:00,849585916377051137,Are priorities to blame for U.S. unhappiness? Which?  https://t.co/hNYkNXMgRj #WHR2017 #Happiness @sctimes @UNSDSN,HappinessRpt,4,0,0,0
137,2017-04-04 21:10:12+00:00,849368528121679875,"""DON'T teach your kids to be rich. Teach them the value of things, not the price."" https://t.co/6EdSXMOsJG #WHR2017 @theSundaily:",HappinessRpt,5,6,0,0
138,2017-04-03 18:09:34+00:00,848960685119852548,@IllienGlobal So glad to hear it!,HappinessRpt,0,0,0,0
139,2017-04-01 23:08:00+00:00,848311012822593536,"""#WHR2017 data comes from @Gallup polling 1,000 residents per country by phone and face-to-face."" https://t.co/UOhexh4L48 @MarketWatch",HappinessRpt,1,1,0,1
140,2017-04-01 08:31:00+00:00,848090307274997760,"""#Brexit might not have come as such a surprise if analysts had looked at #happiness data."" https://t.co/stZkmAJy8t @csmonitor #WHR2017",HappinessRpt,4,0,0,0
141,2017-03-31 19:18:01+00:00,847890745059049472,"""#Trump's promises of 4% #GDP growth isn‚Äôt best way to make US happier."" - @FortuneMagazine https://t.co/uUwBqJJrWx #WHR2017",HappinessRpt,8,8,0,0
142,2017-03-31 08:15:00+00:00,847723893896994816,Great @usnews chart shows how #WHR2017's Top Ten have moved around.  https://t.co/7S719qNK13. Full report: https://t.co/BTDhl6za73 #happy https://t.co/ylLQCaBKgf,HappinessRpt,3,2,0,0
143,2017-03-30 19:35:01+00:00,847532635589156867,"""U.S. #income per person increased ~3x since 1960, but measured #happiness is falling."" - @JeffDSachs. https://t.co/BTDhl6za73 #WHR2017 https://t.co/waVvwl379M",HappinessRpt,1,1,0,0
144,2017-03-30 11:24:00+00:00,847409068834783232,"From authors @jedeneve and George Ward: ""Does #Work Make You #Happy? Evidence from #WHR2017."" via @HarvardBiz. https://t.co/0PLzOvg8PO",HappinessRpt,0,1,0,2
145,2017-03-29 23:05:00+00:00,847223093647085568,"""Focusing on future over present protects #Norway from volatile #oil economy."" - John Helliwell. https://t.co/BTDhl6za73 #Happiness2017 https://t.co/5eJsYpeO45",HappinessRpt,1,1,1,0
146,2017-03-29 14:41:01+00:00,847096261719347200,"#Happiness2017 found it‚Äôs not just access to #jobs that makes people happy, but certain KINDS of job: https://t.co/BTDhl6za73 https://t.co/Wo8woXLp92",HappinessRpt,4,4,0,0
147,2017-03-29 05:45:00+00:00,846961368372674560,Why is #India behind its neighbors in #WHR2017? https://t.co/xdYCrIVSmq @BwDisrupt,HappinessRpt,2,2,1,0
148,2017-03-28 18:07:00+00:00,846785710350753792,"""#WHR2017 data comes from @Gallup polling 1,000 residents per country by phone and face-to-face."" https://t.co/UOhexhmlVG @MarketWatch",HappinessRpt,0,0,0,0
149,2017-03-28 14:19:01+00:00,846728336869076992,"In #WHR2017, ""@JeffDSachs points to 5 factors in the 'destruction of social capital' in America..."" - @Newsweek https://t.co/bH1ndLeYrj",HappinessRpt,6,9,1,0
150,2017-03-28 14:18:50+00:00,846728289276379136,@ESS_Survey Thank you for your contributions! Keep up the great work,HappinessRpt,1,1,0,0
151,2017-03-28 14:16:47+00:00,846727775503421440,@martystka Congratulations to Poland!,HappinessRpt,0,0,0,0
152,2017-03-28 13:47:21+00:00,846720367628570624,@dev_mukunda Agreed- we should ALL strive to top the Happiness report rankings! #WHR2017 #Happiness2017,HappinessRpt,0,1,0,0
153,2017-03-28 11:58:01+00:00,846692850947559425,World avg #happiness 2012-15: 5.353. New 2014-16 avg: 5.31. See what's changed: https://t.co/BTDhl6za73 #WHR2017 https://t.co/n8IADq9mHT,HappinessRpt,1,0,0,0
154,2017-03-27 23:49:00+00:00,846509391440359424,"Have you read #WHR2017? ""To rise in rankings, the US would need to prioritize these factors...""
https://t.co/iEAennSZvx via @nypost",HappinessRpt,6,6,0,0
155,2017-03-27 20:58:01+00:00,846466359655649290,Stunning and informational maps from @esri help visualize #WHR2017 data: https://t.co/4a6RYjiWfa,HappinessRpt,4,3,0,0
156,2017-03-27 17:37:00+00:00,846415773933326336,"""Despite one of the largest economies, #India slipped in #WHR2017 ranking for 3rd successive year."" - @mashable https://t.co/qvYXiozTRL",HappinessRpt,1,1,0,0
157,2017-03-27 14:49:01+00:00,846373499589591040,@Work_Life_You @CEP_LSE @WhatWorksWB Great work!,HappinessRpt,1,1,0,0
158,2017-03-27 14:40:05+00:00,846371249219653633,@EsriStoryMaps These visualizations are gorgeous!,HappinessRpt,0,0,0,0
159,2017-03-27 14:39:23+00:00,846371073134379008,@John_M_Nelson Gorgeous visualizations! Thanks for sharing,HappinessRpt,1,0,1,0
160,2017-03-27 14:32:43+00:00,846369395144314881,@fobregont Agreed! Thanks for reaching out,HappinessRpt,0,0,0,0
161,2017-03-27 14:31:25+00:00,846369071071449088,@DayssiOK @Reuters It is interesting! @Gallup's findings were based on Cantril scale interviews. Learn more: https://t.co/BTDhl6za73,HappinessRpt,0,0,0,0
162,2017-03-27 14:26:30+00:00,846367833487486977,@Daria_Harvey1 The trends are certainly telling... Nordic countries clearly doing something right! #WHR2017,HappinessRpt,0,0,0,0
163,2017-03-27 14:09:52+00:00,846363645307162624,Congratulations to #Algeria - happiest country in #Africa! https://t.co/BTDhl6za73 #WHR2017 https://t.co/7EXNlw10oK,HappinessRpt,4,0,0,0
164,2017-03-27 10:51:01+00:00,846313602474823680,"""#Norway vaulted ahead despite its #economy being hit by plummeting #oil prices."" - @cnbc. #WHR2017 https://t.co/U5PqVqDRlt",HappinessRpt,2,1,0,1
165,2017-03-26 23:41:01+00:00,846144991567187968,"""US per-capita #GDP would have to increase ~$133,000 to get back to 2006 #happiness peak."" https://t.co/b0VoG0neEL @business #WHR2017 https://t.co/cUejMniHIn",HappinessRpt,1,1,0,0
166,2017-03-26 13:21:01+00:00,845988963563294720,"Thanks for the shoutout, @WNYC! https://t.co/fNWQUfnucw. For full #WHR2017: https://t.co/BTDhl6za73",HappinessRpt,3,2,0,0
167,2017-03-25 21:36:00+00:00,845751144517287938,"""Cold climate seems to correlate with #happiness."" - @USATODAY. Time to #springbreak in the snow?  https://t.co/STFGeuqHXw #WHR2017",HappinessRpt,0,1,0,0
168,2017-03-25 15:28:01+00:00,845658539024625665,Great article from @guardian highlights countries rising and falling in #happiness in #WHR2017:  https://t.co/wOH8zDSoSt https://t.co/lTxFObTGaQ,HappinessRpt,2,1,0,1
169,2017-03-25 01:23:00+00:00,845445883613339649,"""#WHR2017's rankings are about your feelings, rather than wealth or health."" - @BBCWorld. https://t.co/hbNxYgMMjO #happiness",HappinessRpt,0,2,0,1
170,2017-03-24 18:15:00+00:00,845338172837945345,"Why nations are rushing to adopt the Danish concept of ""Hygge,"" and you can too: https://t.co/cDFoCpkOIn via @BBCWorld #WHR2017 https://t.co/TkQKQOo6kh",HappinessRpt,0,2,0,1
171,2017-03-24 11:20:00+00:00,845233734924169216,"""#Trump's promises of 4% #GDP growth isn‚Äôt best way to make US happier."" - @FortuneMagazine https://t.co/uUwBqJrQxX #WHR2017 @HappinessRpt",HappinessRpt,0,0,0,0
172,2017-03-23 16:05:01+00:00,844943072257544193,"""#WHR2017 is out and the U.S. has fallen. Sad!"" - @washingtonpost https://t.co/qsifkYlslG #happiness",HappinessRpt,1,2,0,0
173,2017-03-23 09:04:00+00:00,844837121529729024,"""Focusing on future over present protects #Norway from volatile #oil economy."" - John Helliwell. https://t.co/BTDhl6za73 #Happiness2017 https://t.co/EEchwoDsg2",HappinessRpt,4,2,1,0
174,2017-03-22 18:40:01+00:00,844619690819366912,"#Happiness2017 found it‚Äôs not just access to #jobs that makes people happy, but certain KINDS of job: https://t.co/BTDhl6za73 https://t.co/DXr1pECtrZ",HappinessRpt,5,6,0,1
175,2017-03-22 14:58:01+00:00,844563825026387968,"""Voter #happiness is lifeblood of any politician‚Äôs career. They should pay attention to #WHR2017."" - @TheEconomist https://t.co/uy487YgOii https://t.co/NpsfZkH1pE",HappinessRpt,2,5,0,0
176,2017-03-22 10:33:01+00:00,844497133558484992,"""U.S. #income per person increased ~3x since 1960, but measured #happiness is falling."" - @JeffDSachs. https://t.co/BTDhl6za73 #WHR2017 https://t.co/2LYFH0Vq8L",HappinessRpt,3,5,0,0
177,2017-03-21 21:38:01+00:00,844302097831071744,"""Are we seeing a new, more holistic human development paradigm emerging?"" https://t.co/g9Szt678Dp @Medium @NaglerUNDP @UNDP",HappinessRpt,3,3,0,0
178,2017-03-21 19:26:00+00:00,844268877232029696,"How a 17 year-old king revolutionized #economics with ""Gross National #Happiness:"" https://t.co/BxZjtSHOhL @siamak_sam @SDSNYouth #WHR2017",HappinessRpt,9,3,1,1
179,2017-03-21 14:43:55+00:00,844197886942502916,"Key message from #WHR2017 Ch 4 ""Waiting for Happiness in Africa."" Despite high levels of misery, optimism persists. https://t.co/lyKcmajxlE https://t.co/16RUEAveLZ",HappinessRpt,0,2,0,0
180,2017-03-21 14:40:39+00:00,844197066331099136,A generation gap like this will undoubtedly contribute to disillusionment and missed connections. Government should represent their people. https://t.co/9ha0XSzblz,HappinessRpt,0,0,1,0
181,2017-03-21 14:35:11+00:00,844195688128897024,@CliveAH Unfortunately data for #Cuba was made unavailable this year. @Gallup was able to survey 155 countries for #WHR2017,HappinessRpt,0,0,1,0
182,2017-03-21 14:23:02+00:00,844192631387295744,"@ElitsaNacheva @JayShettyIW @t0nyh0ran @Katrina_HRM @sandhiya_i Check out author @jedeneve on ""Happiness at Work"": https://t.co/dqeW1IIc84",HappinessRpt,2,0,0,0
183,2017-03-21 14:17:44+00:00,844191297984516096,"@sarahmccoll Actually, US fell from 13th to 14th place. Definitely has to do w/ current social crisis. @JeffDSachs says it all in Ch 7",HappinessRpt,1,0,0,0
184,2017-03-21 02:06:01+00:00,844007153895538688,Check out this video from @CNNTravel on how to increase your #happiness based on #WHR2017: https://t.co/xMHKnNmllb,HappinessRpt,1,1,0,1
185,2017-03-21 01:22:00+00:00,843996079767146496,.@CBSNews does great job of pulling key messages from #WHR2017. Also see top 20 ranking: https://t.co/DNWW7XTlkn,HappinessRpt,3,0,0,1
186,2017-03-20 23:59:00+00:00,843975192091156480,"Thanks @Reuters! Everyone is talking about #WHR2017, see what they have to say: https://t.co/czYke5gwbK",HappinessRpt,2,2,1,0
187,2017-03-20 23:23:00+00:00,843966133296279552,"Great article on #WHR2017 from @AP: ""If you want to go to your #happy place, you need more than cash."" https://t.co/hqesqATOb8",HappinessRpt,4,4,0,1
188,2017-03-20 22:29:09+00:00,843952580837478406,"Thanks for the shoutout, @nytimes! See what everyone is talking about: https://t.co/BTDhl6za73. https://t.co/iKJbon2FQA #WHR2017",HappinessRpt,6,4,0,0
189,2017-03-20 20:11:59+00:00,843918060448833537,"The #economy has to work for people, and not the other way around. #WHR2017 https://t.co/BTDhl6za73 https://t.co/wH0Ralowt9",HappinessRpt,18,15,1,0
190,2017-03-20 20:08:17+00:00,843917130907246592,"""Life satisfaction in #China has recovered, but is still not at 1990 levels."" - Richard Easterlin #WHR2017 https://t.co/BTDhl6za73",HappinessRpt,0,0,0,0
191,2017-03-20 20:06:01+00:00,843916559164882944,"""Gov can nurture #happiness during transitions w/ improved #employment opportunities and safety net policies."" - Richard Easterlin #WHR2017",HappinessRpt,1,0,0,0
192,2017-03-20 19:55:19+00:00,843913867860365314,"""#GDP shows Chinese #wellbeing multiplied 5x since 1990; so why has life satisfaction decreased?"" - Richard Easterlin #WHR2017 #China https://t.co/fO1TE7PeWn",HappinessRpt,3,1,1,0
193,2017-03-20 19:53:05+00:00,843913304233951232,"Now: #WHR2017 Chapter 3 ""Growth and #Happiness in #China, 1990-2015"" with Richard Easterlin. https://t.co/BTDhl6za73 https://t.co/b2KuoXsQyp",HappinessRpt,1,0,0,0
194,2017-03-20 19:36:11+00:00,843909050836434944,"‚Äú#Africa looks to #youth to achieve prosperity. We must invest in them."" - Valerie M√∏ller. https://t.co/BTDhl6za73 #WHR2017 https://t.co/ivj0yy56hG",HappinessRpt,5,4,0,0
195,2017-03-20 19:30:28+00:00,843907612764725248,"""#Africa expected to flourish under self-rule and #democracy."" - Valerie M√∏ller. Are they better off? https://t.co/BTDhl6za73  #WHR2017",HappinessRpt,0,1,0,0
196,2017-03-20 19:28:27+00:00,843907103114903552,"Now: #WHR2017 Chapter 4 ""Waiting for #Happiness in #Africa"" with Valerie M√∏ller &amp; Ben Roberts. https://t.co/BTDhl6za73 https://t.co/EioBX0Lvmu",HappinessRpt,1,0,0,0
197,2017-03-20 19:02:30+00:00,843900574932353025,"""In all countries, women report being happier than men."" - Irwin Garfinkel. See our findings: https://t.co/BTDhl6za73 #WHR2017 https://t.co/C3Pvd8lOs8",HappinessRpt,5,8,1,1
198,2017-03-20 18:44:16+00:00,843895983960444928,"""Prioritizing #mentalhealth is not only quickest way, but cheapest way to reduce misery."" - Richard Layard #WHR2017 https://t.co/BTDhl6za73 https://t.co/P5O9j6WryJ",HappinessRpt,11,8,0,0
199,2017-03-20 18:40:25+00:00,843895018201006080,"You were right! ""#Depression &amp; #anxiety contribute more to misery than any other factor."" - Richard Layard #WHR2017 https://t.co/BTDhl6za73 https://t.co/wxc9K5r6hV",HappinessRpt,2,2,1,1
200,2017-03-20 18:19:35+00:00,843889772720537601,"""Investment should shift toward the social foundations and away from materialism."" - Carrie Exton of @OECD. #WHR2017 https://t.co/BTDhl6za73 https://t.co/2eC9yGsYjA",HappinessRpt,3,3,0,1
201,2017-03-20 18:05:31+00:00,843886233248038915,"""Having someone to count on increases #happiness the same as a 16 fold increase in #income."" - John Helliwell #WHR2017 https://t.co/OvFDnWMO8m",HappinessRpt,6,2,0,1
202,2017-03-20 17:57:09+00:00,843884127485153284,"If you had enough money to live well for the rest of your life, would you keep working? #WHR2017 https://t.co/BTDhl6za73",HappinessRpt,2,7,1,0
203,2017-03-20 17:40:14+00:00,843879872296615936,"""Raising employee #happiness raises #productivity 7-12%."" - @jedeneve #WHR2017 https://t.co/BTDhl6za73",HappinessRpt,2,2,0,1
204,2017-03-20 17:33:50+00:00,843878259322445824,"""More important than wages to workplace #happiness: variety of work, coworker support, health/safety risk."" - @jedeneve #WHR2017 https://t.co/YhsPFahfKH",HappinessRpt,1,2,0,0
205,2017-03-20 17:29:02+00:00,843877052172386305,"""#WHR2017 found it‚Äôs not just access to #jobs that makes people happy, but certain KINDS of job."" - @jedeneve https://t.co/BTDhl6za73",HappinessRpt,1,0,0,0
206,2017-03-20 17:22:43+00:00,843875464448000002,"Now: Discussion of #WHR2017 Chapter 6 ""Happiness at #Work"" with @jedeneve https://t.co/lyKcmajxlE https://t.co/394sYx8XTE",HappinessRpt,1,0,0,0
207,2017-03-20 16:41:05+00:00,843864984367104001,"""#Diversity requires hard work to overcome distrust and #inequality."" - @JeffDSachs #WHR2017 https://t.co/BMqUgQUW29",HappinessRpt,2,0,0,0
208,2017-03-20 16:37:17+00:00,843864030527873026,"""How do we bridge corporations and governments to prioritize #happiness?"" - @lgallardo @WOHASU #WHR2017",HappinessRpt,0,0,0,0
209,2017-03-20 16:28:11+00:00,843861737589891075,"""By next Feb, the Global Happiness Council will have a report on best practices for governments to follow."" - @JeffDSachs #WHR2017",HappinessRpt,1,0,0,0
210,2017-03-20 16:21:23+00:00,843860026490064896,"""The Global #Happiness Council has two goals: advocacy, and bridging gap between gov and experts."" - @OhoodAlRoumi #WHR2017 @JeffDSachs",HappinessRpt,4,3,0,0
211,2017-03-20 16:17:31+00:00,843859053021421568,Now: Discussion of Individual Chapters from #WHR2017. Watch live: https://t.co/p1hYoFDSyI https://t.co/lqXJEJSTrN,HappinessRpt,1,1,0,0
212,2017-03-20 16:13:44+00:00,843858104718671872,"""#Agenda2030 is about leaving no one behind."" - Gillian Bird of #9 ranked #Australia. @AustraliaUN #WHR2017 https://t.co/BTDhl6za73 https://t.co/kJQnty8hkS",HappinessRpt,2,0,0,0
213,2017-03-20 16:02:04+00:00,843855166038335490,"""The happiest countries #tax quite heavily, but everyone enjoys the benefits. This is why U.S. falls in rankings."" - @JeffDSachs.  #WHR2017",HappinessRpt,278,139,0,8
214,2017-03-20 16:00:31+00:00,843854775200419840,"""All happiest countries ensure universal access to benefits. This generates social trust."" - @JeffDSachs #WHR2017 https://t.co/BTDhl6za73",HappinessRpt,246,157,3,10
215,2017-03-20 15:59:17+00:00,843854468169060357,"""@Gallup asked one question: 'How would you rate your life satisfaction?'"" - @JeffDSachs. See the results: https://t.co/BTDhl6za73 https://t.co/T6gYAbQMz0",HappinessRpt,3,3,0,0
216,2017-03-20 15:57:01+00:00,843853894270799873,"""The sole point of #government is to improve #wellbeing of its people."" - @JeffDSachs #WHR2017 https://t.co/BTDhl6za73",HappinessRpt,1,1,0,2
217,2017-03-20 15:56:14+00:00,843853697411174402,"""Too much of our time is spent taking, instead of giving."" - @JeffDSachs #WHR2017 https://t.co/BTDhl6za73",HappinessRpt,1,2,0,0
218,2017-03-20 15:44:51+00:00,843850834509271040,"""#Happiness can‚Äôt be mandated. It must be encouraged and nurtured."" - @OhoodAlRoumi, UAE Minister of State of #Happiness. #WHR2017 https://t.co/Zkue8lIUaV",HappinessRpt,1,2,0,1
219,2017-03-20 15:32:23+00:00,843847697559969792,"""#Rwanda's universal #healthcare covers over 90% of population."" - @VRugwabiza. #WHR2017 found health is crucial to #happiness. https://t.co/ET1YLPHLXT",HappinessRpt,3,3,0,0
220,2017-03-20 15:27:45+00:00,843846530092208128,"From former #1 and current #2, #Denmark: ""Happiness is about safety."" - @ibpete03 #WHR2017 https://t.co/BTDhl6za73 https://t.co/7NSTroYJAR",HappinessRpt,4,1,0,0
221,2017-03-20 15:20:58+00:00,843844822477819905,"""Sanity, spirituality, #sustainability."" Watch ""Public Policies for Happiness"" live: https://t.co/p1hYoFDSyI #WHR2017 https://t.co/ubt3znYgym",HappinessRpt,1,1,0,0
222,2017-03-20 15:07:38+00:00,843841467118505984,"""It's no mistake #InternationalDayofHappiness falls in #WomensHistoryMonth. Happiness requires #equality."" - @AminaJMohammed #WHR2017 #SDG5 https://t.co/fXRDB0ci5J",HappinessRpt,4,0,0,0
223,2017-03-20 15:00:59+00:00,843839793352118272,"""We cannot achieve #happiness while the Earth deteriorates."" - @AminaJMohammed #SDG14 #WHR2017 https://t.co/SzjmMJeoUZ",HappinessRpt,0,0,0,0
224,2017-03-20 14:16:58+00:00,843828715612229632,"""In the #SDG pyramid of #happiness, #SDG16 and #SDG17 must come first."" - Cherie Nursalim of @SdsnSouthAsia #WHR2017 https://t.co/BTDhl6za73 https://t.co/As2Tl6zUG7",HappinessRpt,1,0,0,0
225,2017-03-20 14:09:53+00:00,843826935599906816,"""We are seeing a propagation of hatred. We have to be inclusive."" Read ""Restoring Happiness in America"" by @JeffDSachs in #WHR2017 https://t.co/z4hld2ukb8",HappinessRpt,4,3,0,1
226,2017-03-20 14:03:38+00:00,843825361527947265,"""If you have #happy employees, they will take better care of your customers."" - @andrea_illy #WHR2017 @illyUSA #CSR https://t.co/sP6rm5aGix",HappinessRpt,20,10,1,1
227,2017-03-20 14:01:00+00:00,843824698496634881,"""#Happiness depends not only on having work, but HOW you work."" - @andrea_illy #WHR2017 https://t.co/BTDhl6za73",HappinessRpt,4,1,0,0
228,2017-03-20 13:54:27+00:00,843823052978896896,"""This is a report for people, and a warning for politicians. We must have quality of life."" - @JeffDSachs #WHR2017 https://t.co/BTDhl6za73",HappinessRpt,4,6,0,0
229,2017-03-20 13:53:34+00:00,843822829040820228,"""#Economics matters, but it's only one modest part of #wellbeing."" From economist @JeffDSachs himself. https://t.co/BTDhl6za73 #WHR2017 https://t.co/eQsuPG4MwO",HappinessRpt,8,3,0,1
230,2017-03-20 13:51:45+00:00,843822372054614016,"""Richard Easterlin introduced #happiness in #economics."" - @JeffDSachs Read more on the Easterlin paradox: https://t.co/BTDhl6za73 #WHR2017 https://t.co/uEnMdktUwI",HappinessRpt,1,0,0,0
231,2017-03-20 13:48:12+00:00,843821478030327809,"""We're getting richer, yet more stressed. We must find balance, and #happiness for all."" - Richard Layard #WHR2017 https://t.co/BTDhl6za73 https://t.co/vOITg29qg1",HappinessRpt,3,7,0,1
232,2017-03-20 13:35:09+00:00,843818194766909440,"""#Norway is #happy not because it is #oil rich, but in spite of it."" - John Helliwell #WHR2017 https://t.co/BTDhl6za73 https://t.co/fPYwMNoDAd",HappinessRpt,77,18,0,2
233,2017-03-20 06:00:00+00:00,843703652451729408,"#WHR2017 is here! If you're #happy and you know it, spread the word... https://t.co/BTDhl6hyIt @illyUSA #Happiness2017 #LIVEHAPPilly https://t.co/csjUk2fAHR",HappinessRpt,112,127,8,44
234,2017-03-19 23:00:01+00:00,843597960470450176,Even JFK knew #GDP is an inadequate¬†instrument for measuring #wellbeing: https://t.co/vdljditW8i @illycaffe @andrea_illy #Happiness2017,HappinessRpt,8,5,0,0
235,2017-03-19 17:50:01+00:00,843519943777931264,"TOMORROW: We will be live tweeting from the event launch at @UN HQ. If you're #happy &amp; you know it, spread the word! #Happiness2017 #WHR2017 https://t.co/E0f8nfLZ3H",HappinessRpt,26,30,3,3
236,2017-03-19 15:22:01+00:00,843482700753371136,"""Politicians aim to raise #economic growth, but data shows this is the wrong approach."" - @JeffDSachs. https://t.co/BTDhl6za73 #WHR2017 https://t.co/ny7T908u7c",HappinessRpt,31,43,2,2
237,2017-03-18 22:02:00+00:00,843220973146914817,You‚Äôve seen #happiness as measured by #GDP; could #subjectivewellbeing be more accurate? https://t.co/xNiAhA4GhC @Gallup #Happiness2017,HappinessRpt,2,2,0,0
238,2017-03-18 19:21:00+00:00,843180456296120320,"For work #happiness, @andrea_illy says: ""Nurture personal growth, share knowledge, &amp; create value at all levels."" #Happiness2017 @illycaffe https://t.co/CMZd2xuAcT",HappinessRpt,3,3,2,0
239,2017-03-18 17:28:04+00:00,843152033947566080,What is the best predictor from #childhooddevelopment of adult life satisfaction? #Happiness2017 #WHR2017,HappinessRpt,3,6,0,0
240,2017-03-18 14:13:00+00:00,843102944622870528,"""You spend a majority of your life working - but what role does #employment play in shaping #happiness?"" - @jedeneve https://t.co/BTDhl6hyIt https://t.co/KTbr5JJ50U",HappinessRpt,9,4,1,1
241,2017-03-18 08:52:00+00:00,843022162164375552,Is physical or mental #health more important to #happiness? https://t.co/BTDhl6za73 #Happiness2017 https://t.co/rEJalU35rC,HappinessRpt,9,11,0,0
242,2017-03-18 03:50:00+00:00,842946161845534721,‚Äú#Happiness is not perfected until it is shared.‚Äù - African proverb. https://t.co/BTDhl6hyIt #Happiness2017 #Africa https://t.co/RVHBgXmyMv,HappinessRpt,6,8,0,2
243,2017-03-17 18:10:01+00:00,842800201312190467,"‚Äú#GDP can't measure what makes life worth living. To understand, look no further than #WHR2017."" - Jay Loschky. https://t.co/BTDhl6za73 https://t.co/HOaXn97Bns",HappinessRpt,5,15,0,2
244,2017-03-17 15:38:00+00:00,842761948609433600,Does luck of the Irish bring #Ireland #happiness? Will they rank higher in #WHR2017? https://t.co/zYKrxY9XvX @thejournal_ie #StPatricksDay https://t.co/YdL9eABb2T,HappinessRpt,1,0,0,0
245,2017-03-17 09:23:01+00:00,842667577381916673,"""Our social crisis is due to increasing #inequality, #corruption, isolation, and distrust."" - @JeffDSachs. https://t.co/BTDhl6za73 #WHR2017 https://t.co/aMpf1KgC9H",HappinessRpt,5,3,0,0
246,2017-03-17 00:58:00+00:00,842540487625994240,"Blue collar, white collar, purpose driven, high income... which type of #job makes people #happy? https://t.co/BTDhl6hyIt #Happiness2017 https://t.co/lJzWPMaCGr",HappinessRpt,8,6,0,2
247,2017-03-16 21:09:56+00:00,842483091620974594,"What two mental disorders, if eliminated, would most effectively decrease global misery? #Happiness2017 #WHR2017",HappinessRpt,1,2,0,0
248,2017-03-16 19:37:01+00:00,842459708107689986,"THIS MONDAY: #WHR2017 will finally be released! Which countries are happiest, and why? #Happiness2017 https://t.co/NqcHWT9yO3",HappinessRpt,20,19,1,5
249,2017-03-16 17:15:00+00:00,842423971735838721,‚ÄúHonest #labor dispels melancholy.‚Äù ~James Lendall Basford. Does hard work correlate with #happiness? https://t.co/BTDhl6za73 #Happiness2017 https://t.co/UZMlkQGnrf,HappinessRpt,0,2,0,0
250,2017-03-16 15:27:00+00:00,842396792599728128,"#Happiness misconceptions from ""Perils of Perception."" See your country's Cantril scale rank: https://t.co/BTDhl6hyIt. #WHR2017 @IpsosMORI https://t.co/8UloUqfPEc",HappinessRpt,1,2,0,1
251,2017-03-16 11:11:00+00:00,842332366530007041,"Choose one: a raise, or financial stability. Study shows which increases #happiness: https://t.co/jc4ieLQ7Xv via @upi. #Happiness2017 https://t.co/r6mMrODVbh",HappinessRpt,2,3,0,1
252,2017-03-15 22:05:00+00:00,842134564663357440,"Entrepreneur @andrea_illy: ""Companies are society's bricks, within which we start to build #happiness."" Are you happy at #work? @illycaffe https://t.co/LkNsNsyu1W",HappinessRpt,4,5,0,0
253,2017-03-15 18:01:01+00:00,842073162196090880,"We must move from a world of consumption, to one of contribution to improve #wellbeing. https://t.co/jFj0CB2EBg @PsychToday #Happiness2017 https://t.co/S7NeNWm1rp",HappinessRpt,0,1,0,0
254,2017-03-15 13:39:04+00:00,842007241838473217,_______ is now considered the proper measure of social progress and the goal of #publicpolicy. Any ideas? #WHR2017 @UNSDSN @illyUSA,HappinessRpt,0,1,0,0
255,2017-03-14 16:32:38+00:00,841688532242563073,#Happiness is a sort of action. - Aristotle https://t.co/BTDhl6za73  #Happiness2017 #LIVEHAPPilly @UNSDSN @illyUSA https://t.co/zMAlAJjpcL,HappinessRpt,14,5,1,2
256,2017-03-06 18:28:42+00:00,838818638073376771,This article on the economics of well-being as a metric of good business is right in line with #WHR2017 #Happiness https://t.co/6EnFlWCWpd,HappinessRpt,2,2,0,2
257,2017-03-03 19:05:34+00:00,837740752759291904,""" #Happiness as a public policy goal is as ancient as Aristotle. https://t.co/DC8ZbvDJpm https://t.co/wg32FgfQvV",HappinessRpt,3,2,0,1
258,2017-02-27 16:09:50+00:00,836246977184677892,@HelenClarkUNDP: Keynote Speech at the Global Dialogue for #Happiness ‚ÄúWhere is Happiness on the Global Agenda?‚Äùhttps://t.co/XC1T2VOjmP,HappinessRpt,0,0,0,0
259,2017-02-17 18:06:02+00:00,832652341987848193,"""The sci, econ and practices of #HappinessÂ•Ω„Åç„Å™‰∫∫RT have potential to unite indivi and countries in well-being""  https://t.co/DMJ3pfAcNj",HappinessRpt,1,0,0,0
260,2017-02-15 18:21:44+00:00,831931515651182600,"Top 10 Happiest Country in the World: U.S., China, Japan is not included! https://t.co/4JW2BghBpw",HappinessRpt,1,1,0,0
261,2016-08-12 14:30:14+00:00,764106725267955716,.@SDSNYouth is searching 4 the TOP 50 #SDGs #solutions! Submit yours today!: https://t.co/PBDs6MzoZ4 #YouthDay2016 https://t.co/kko6hkD6oa,HappinessRpt,2,1,0,0
262,2016-08-12 07:00:15+00:00,763993483203846144,Happy #YouthDay to all  &amp; especially @SDSNYouth! Thank you for all of your work on promoting the #SDGs! #IYD2016 https://t.co/cIxKnKa7sF,HappinessRpt,2,1,0,0
263,2016-04-22 12:45:04+00:00,723492817327165444,We care for our #planet by advocating for it! Tell us how you do it at #SDSNEarthDay:  https://t.co/mp80cZ1J24 https://t.co/fScRbL7rd6,HappinessRpt,6,4,1,1
264,2016-04-22 10:00:10+00:00,723451319235665920,Happy #EarthDay! #SDG13 calls for #ClimateAction. Learn more here: https://t.co/W9W0PcGLfy #SDSNEarthDay https://t.co/eV7WEPLguj,HappinessRpt,4,1,0,1
265,2016-04-21 13:00:10+00:00,723134230155284481,Why wait for tomorrow? If you are already doing something great for our #planet let us know now at #SDSNEarthDay https://t.co/WgukGB4Vq5,HappinessRpt,4,1,0,0
266,2016-04-19 17:45:07+00:00,722481165177729024,#Happiness is the new #GDP via @qz . What does it mean in #economic terms?: https://t.co/g3nPM5zB5A @earthinstitute https://t.co/1VEqHQLkk0,HappinessRpt,8,5,0,0
267,2016-04-11 00:00:06+00:00,719314040103636992,#Taiwan continues to be one of #Asia's happiest countries: https://t.co/sfyL6h1NLR #happiness2016 https://t.co/5X9XF3DT7M,HappinessRpt,2,1,0,0
268,2016-04-09 03:30:02+00:00,718642098996555776,#Myanmar citizens disregard wealth as a main source of #happiness2016 @TheMyanmarTimes https://t.co/JO46cr3M9g https://t.co/MrrU1tVWam,HappinessRpt,6,2,0,1
269,2016-04-08 19:00:07+00:00,718513771941986305,Do children make us happy? Vol 2 of the 2016 update report has the answer: https://t.co/PUfgxy3r67 #Happiness2016 https://t.co/qLWsQOU4vz,HappinessRpt,1,0,0,0
270,2016-04-07 16:15:02+00:00,718109841554735104,We urge the inclusion of Subjective Well-being indicators to measure #SDGs: https://t.co/PUfgxy3r67 #Happiness2016 https://t.co/dzypAklhdX,HappinessRpt,6,5,1,0
271,2016-04-07 11:45:03+00:00,718041896501714945,.@ActionHappiness shows need &amp; power of collaboration to deliver better lives https://t.co/PUfgxy3r67 #Happiness2016 https://t.co/46deeUZRm6,HappinessRpt,4,1,0,0
272,2016-04-05 16:00:18+00:00,717381358302068739,"""The world needs an ethical system which is both convincing &amp; inspiring."" https://t.co/BTDhl6hyIt #Happiness2016 https://t.co/YiAd1Fzou5",HappinessRpt,6,2,0,0
273,2016-04-04 21:00:10+00:00,717094435025084416,"1,000+ #youth join @JeffDSachs John Helliwell &amp; Richard Layard in launch of #HappinessRpt: https://t.co/l8ROvbKlne https://t.co/VT4fu1i5Yc",HappinessRpt,3,3,0,0
274,2016-03-20 11:01:49+00:00,711508036511272961,Happy international Day of Happiness! https://t.co/T8lV6pr2al,HappinessRpt,5,2,0,0
275,2016-03-17 16:00:51+00:00,710496127590633473,The World Happiness Index 2016 just ranked the happiest countries on Earth https://t.co/oDKQ44iYFD #via @ScienceAlert,HappinessRpt,9,13,1,1
276,2016-03-17 15:56:03+00:00,710494917345349632,Check out today's event with the authors of the World #Happiness2016 Report! https://t.co/m7Y5nacfyV,HappinessRpt,2,0,0,0
277,2016-03-17 12:30:22+00:00,710443157863858177,The U.S. doesn‚Äôt crack the top 10 happiest countries in the world https://t.co/e4HGf5NBPr https://t.co/JGbA1h70VA,HappinessRpt,0,3,0,0
278,2016-03-17 11:09:16+00:00,710422745192878080,"""The counties that did best in the economic crisis were the ones that worked together."" John Helliwell @B_C_Spy https://t.co/Qm0F5183e9",HappinessRpt,1,0,0,0
279,2016-03-17 10:29:58+00:00,710412854558523392,What makes you Happy? Prof Richard Layard says to invest in relationships #happiness2016 https://t.co/MTWvC2RDSP,HappinessRpt,8,4,0,0
280,2016-03-17 10:09:42+00:00,710407755350212608,An auditorium of students at #Happiness2016 launch just assigned homework to achieve the #SDGs by @JeffDSachs https://t.co/vfZZH7jtV2,HappinessRpt,9,3,1,0
281,2016-03-17 09:56:30+00:00,710404433121660928,Last day of the #Happiness2016 launch! @JeffDSachs onstage with coauthors John Helliwell and Richard Layard! https://t.co/1mCZs2N9in,HappinessRpt,15,10,4,0
282,2016-03-17 02:30:14+00:00,710292129671589888,https://t.co/r6LuoDya0H,HappinessRpt,0,2,1,0
283,2016-03-17 01:00:20+00:00,710269505121824768,https://t.co/wrhJm7ueQu,HappinessRpt,0,0,0,0
284,2016-03-17 00:45:07+00:00,710265676171071491,The Happiest People in the World in 2016? https://t.co/19ldk7tBG8 via @DubaiChronicle,HappinessRpt,0,0,0,0
285,2016-03-17 00:20:08+00:00,710259388389285889,Big smiles as foreigner visitors define happiness in Shanghai - Global Times https://t.co/9nSjPDV8Bb https://t.co/YGNHfkBixs,HappinessRpt,0,0,0,0
286,2016-03-17 00:00:26+00:00,710254428259921920,https://t.co/xZBfjksdbK,HappinessRpt,0,2,0,0
287,2016-03-16 23:56:51+00:00,710253529403932672,"Danes, Once Again, Take Top Spot in World Happiness Report - ABC News - https://t.co/vsHU0LExqw via @ABC",HappinessRpt,1,0,0,0
288,2016-03-16 23:45:06+00:00,710250572553658370,https://t.co/MyQMMgxCwa,HappinessRpt,0,0,0,0
289,2016-03-16 23:39:55+00:00,710249267143770114,#happiness2016 Fascinating. @TheEAUC conference in May is on Healthy and Happy Cities and the role of education.  Perhaps SDSN can speak?,HappinessRpt,0,0,0,0
290,2016-03-16 23:34:26+00:00,710247887528173568,https://t.co/5lYKJpGKwa: https://t.co/GQymyJg8L3,HappinessRpt,0,0,0,0
291,2016-03-16 21:00:20+00:00,710209106502504448,Drum roll...Denmark #1 on  #Happiness2016 Report!!! Why? Download report at https://t.co/BTDhl6hyIt #Happypeople https://t.co/U25SYzsUu1,HappinessRpt,13,11,1,0
292,2016-03-16 20:00:16+00:00,710193988720943104,Switzerland ranked #2 on the #Happiness2016 Report!!! Why? Download report at https://t.co/BTDhl6hyIt #Happypeople https://t.co/6WtXPleiN7,HappinessRpt,1,1,0,0
293,2016-03-16 19:00:40+00:00,710178989160030208,Iceland ranked #3 on the World #Happiness2016 Report! Why? Download report at https://t.co/PUfgxy3r67 #Happypeople https://t.co/ingE5NGV5R,HappinessRpt,1,3,0,0
294,2016-03-16 18:00:23+00:00,710163820245725184,Norway ranked #4 on the World #Happiness2016 Report! Why? Download report at https://t.co/PUfgxy3r67 #Happypeople https://t.co/ZFJkuWwhXP,HappinessRpt,2,4,0,0
295,2016-03-16 17:07:52+00:00,710150603721351168,Conclusion today: must move from a world of consumption to a world of contribution to improve wellbeing. https://t.co/c5nazmHFwz,HappinessRpt,6,5,0,0
296,2016-03-16 17:00:25+00:00,710148727273467904,Finland ranked #5 on the World #Happiness2016 Report! Why? Download report at https://t.co/PUfgxy3r67 #Happypeople https://t.co/Qnvkutcg8q,HappinessRpt,2,6,0,0
297,2016-03-16 16:33:27+00:00,710141941149782022,Old model: Needs + build + GDP= development. New: social capital + human needs= equitable and sustainable wellbeing. https://t.co/3mUguJdcHz,HappinessRpt,3,5,2,0
298,2016-03-16 16:00:27+00:00,710133638600339456,Canada ranked #6 on the #Happiness2016 Report! Why? Download the report at https://t.co/PUfgxy3r67 #Happypeople https://t.co/pPmXYmxCqR,HappinessRpt,2,2,0,0
299,2016-03-16 15:57:51+00:00,710132985329283078,"One reason: Happier people are more productive in the work place, so let's start prioritizing our happiness! https://t.co/6RlKpSaBUF",HappinessRpt,5,0,0,0
300,2016-03-16 15:44:19+00:00,710129579571220480,"Woman are less happy, parents are doomed and inequality around the world is rising. True? https://t.co/BTDhl6za73 https://t.co/t74hp5ekBp",HappinessRpt,0,0,1,0
301,2016-03-16 15:37:38+00:00,710127895788838912,How do we determine the optimal level of consumption based on happiness? Just one question posed at the #happiness2016 launch event!,HappinessRpt,2,1,0,0
302,2016-03-16 15:32:02+00:00,710126488234926081,@nytimes reports on #Happiness2016 - Denmark Again Tops the World Happiness Report https://t.co/RMkgWvuFMv,HappinessRpt,3,3,0,0
303,2016-03-16 15:27:43+00:00,710125399741763584,"""#Happiness is a sort of action."" - Aristotle https://t.co/I9bMygxkQN #Happiness2016 https://t.co/OGWjHsF9Xb",HappinessRpt,1,1,0,0
304,2016-03-16 14:39:15+00:00,710113203074768896,"@tonyannett talks to his Chapter on Human Flourishing, the Common Good, and Catholic Social Teaching https://t.co/I0Ymth39WF",HappinessRpt,1,0,0,0
305,2016-03-16 14:30:11+00:00,710110922740600832,Netherlands ranked #7 on the #Happiness2016 Report! Why? Download report at https://t.co/PUfgxy3r67 #Happypeople https://t.co/R29RvLKcdm,HappinessRpt,1,3,0,0
306,2016-03-16 14:29:16+00:00,710110689256476672,@VanityFair posts on #Happiness2016 ranking and Italy is in the middle! https://t.co/xdhEsQsb6B,HappinessRpt,0,0,0,0
307,2016-03-16 13:00:43+00:00,710088404118085633,Take a quick quiz to assess: Are YOU ‚ÄúHappy‚Äù? https://t.co/2OSmCECyN8 via @buzzfeeders #Happypeople #happiness2016 https://t.co/oqTsHSsEwM,HappinessRpt,3,4,0,0
308,2016-03-16 12:00:41+00:00,710073296620888066,New Zealand ranked #8 on the #Happiness2016 Report! Download report to see why https://t.co/PUfgxy3r67 #Happypeople https://t.co/l84At98RrV,HappinessRpt,1,3,0,0
309,2016-03-16 11:41:31+00:00,710068474790461440,Are You Happier Now Than in Years Past https://t.co/u8afpLLAyG,HappinessRpt,0,0,0,0
310,2016-03-16 11:37:36+00:00,710067488533454849,"""#Happiness is a perfume which you cannot pour on someone without getting some on yourself.""- Ralph Waldo Emerson https://t.co/PUfgxyl2uH",HappinessRpt,3,5,0,0
311,2016-03-16 11:00:38+00:00,710058188259721216,Australia ranked #9 on the #Happiness2016 Report! Download report to see why https://t.co/PUfgxy3r67 #Happypeople https://t.co/mWfhUVpiKR,HappinessRpt,1,3,1,0
312,2016-03-16 09:58:11+00:00,710042471993098241,Trust and Happiness go hand and hand! #Happiness2016 #Happypeople https://t.co/3w51wMNTS6,HappinessRpt,3,6,0,0
313,2016-03-16 09:51:19+00:00,710040743130308608,Human happiness has been the focus of a long and great tradition of moral and political philosophy. @JeffDSachs message at #Happiness2016,HappinessRpt,26,17,0,0
314,2016-03-16 09:46:36+00:00,710039554179342337,"""Subjective wellbeing is so much more important that just income or just health‚Äù- John Halliwell #Happiness2016 #Happypeople",HappinessRpt,3,4,0,0
315,2016-03-16 09:06:09+00:00,710029374435811328,"Bloomberg @Business reports on #Happiness2016 Report ""Youth is great, parenting is hard, retirement rocks."" https://t.co/pj5lb56k6P",HappinessRpt,3,3,0,0
316,2016-03-16 08:47:19+00:00,710024636675842048,"Danes, once again, take top spot in world happiness report https://t.co/d7KmqkcOIC #Happiness2016 #Happypeople",HappinessRpt,18,17,0,0
317,2016-03-16 08:42:44+00:00,710023481438695424,Sweden ranked #10 on the #Happiness2016 Report! Download the report to see why https://t.co/lyKcmajxlE #Happypeople https://t.co/vNydvtZ4OC,HappinessRpt,3,3,0,0
318,2016-03-16 08:24:57+00:00,710019005235515392,The #Happiness2016 Report is out! Stay tuned for a release of the top 10 throughout today! https://t.co/lyKcmajxlE https://t.co/xLsdONDggV,HappinessRpt,40,55,2,0
319,2016-03-16 03:48:04+00:00,709949325313335296,The World Happiness Report 2016 releases tomorrow. Can you guess which country tops the #Happiness2016 charts? https://t.co/0cleSBLFZV,HappinessRpt,3,2,0,0
320,2016-03-15 13:00:11+00:00,709725883460755456,"Is Happiness really enough and what does that word even mean?
https://t.co/2RytmDMaQN",HappinessRpt,0,0,0,0
321,2016-03-15 11:43:06+00:00,709706485715111936,Are religious people happier?Research finds + linkages btw #happiness2016 and religion. Could religion serve as insurance to economic shock?,HappinessRpt,0,0,0,0
322,2016-03-15 11:25:34+00:00,709702072942403584,"""Happiness is not a binary measure to achieve or not, its about the transition to state of being happy""- Tamer Zaki, PhD",HappinessRpt,0,0,0,0
323,2016-03-15 09:17:21+00:00,709669807470333953,First day of the #happiness2016 launch @UniLUMSA https://t.co/ylE5Key1zI,HappinessRpt,4,3,1,0
324,2016-03-15 09:00:07+00:00,709665471176380418,"""A person will be just about as happy as they make up their minds to be.""- Abraham Lincoln #Happiness2016 https://t.co/0K56rlkLnm",HappinessRpt,2,1,0,0
325,2016-03-14 16:00:14+00:00,709408809299496961,Would winning the lottery really  make you happy? https://t.co/CE17bVYl5u via @Nottingham_Post,HappinessRpt,0,0,0,0
326,2016-03-14 12:00:12+00:00,709348399871463424,5 Reasons Why You Don't Have to Stop Being Sad to Be Happy https://t.co/J1CbwP3bQv via @HPLifestyle https://t.co/fQJRQnIrGP,HappinessRpt,2,1,0,0
327,2016-03-14 11:00:32+00:00,709333387165564928,Budha: 1000s of candles can be lighted from 1 candle &amp; its life won't be shortened #Happiness2016 never decreases by being shared.,HappinessRpt,0,1,0,0
328,2016-03-13 18:27:33+00:00,709083491170951168,"Proof Money Can't Buy Happiness? Higher Income Doesn't Increase Life Satisfaction, But Losing It  - https://t.co/BAudbNcFT5 #GoogleAlerts",HappinessRpt,1,1,0,0
329,2016-03-13 12:00:13+00:00,708986018481831939,Study finds little correlation between income and happiness https://t.co/jc4ieLQ7Xv via @upi https://t.co/0ti0ByEb74,HappinessRpt,1,0,0,0
330,2016-03-11 23:00:28+00:00,708427399612858369,https://t.co/AMzg4Tn3Iy https://t.co/Ys0sSyQyfC,HappinessRpt,0,0,0,0
331,2016-03-11 22:00:32+00:00,708412315826126850,Peoria is top Illinois metro area on nationwide 'happiness' survey https://t.co/z51TSIoYsy via @sharethis,HappinessRpt,1,0,0,0
332,2016-03-11 16:15:49+00:00,708325566575984640,Take a quick quiz to assess: Are YOU ‚ÄúHappy‚Äù? https://t.co/2OSmCEkXVA  via @buzzfeeders #Happypeople #Happiness2016 https://t.co/RCXobIAHTH,HappinessRpt,0,2,0,0
333,2016-03-11 10:00:13+00:00,708231042885226496,"UK releases well-being statistics on happiness, satisfaction https://t.co/q09nEJoWIg via @digitaljournal https://t.co/z9z4tDBneV",HappinessRpt,0,0,0,0
334,2016-03-10 20:01:18+00:00,708019920907317248,The link between your health and happiness https://t.co/hBifZNnmTu via @timesofindia https://t.co/o4vY6ZdUaY,HappinessRpt,0,0,0,0
335,2016-03-10 18:00:36+00:00,707989546957340672,Survey: The 30 happiest cities in the U.S. https://t.co/dTpsyYcBPY via @houstonchron https://t.co/ErXcPZj5ek,HappinessRpt,0,0,0,0
336,2016-03-10 17:10:14+00:00,707976872747995136,together we're stronger! @UNSDSN  https://t.co/OlPlY7zX2U,HappinessRpt,1,0,0,0
337,2016-03-10 17:01:30+00:00,707974676136341504,Why Genuine Happiness Will Lead You to Success https://t.co/lpucneaTTL via @HuffPostBiz https://t.co/vJIMl8ZNm6,HappinessRpt,1,2,0,0
338,2016-03-10 15:54:37+00:00,707957841253031936,Take this quick quiz to assess: Are YOU ‚ÄúHappy‚Äù? https://t.co/2OSmCEkXVA via @buzzfeeders #Happypeople #Happiness2016,HappinessRpt,0,0,0,0
339,2016-03-09 17:17:48+00:00,707616388916121600,The #Happiness2016 Report Update will release in 1 week! Make sure to visit https://t.co/lyKcmajxlE for the report! https://t.co/jiCV532Y25,HappinessRpt,13,14,2,0
340,2016-03-09 16:22:28+00:00,707602462996299776,Emory University Takes On 'The Happiness Challenge'  https://t.co/CMLNysNMrc,HappinessRpt,0,1,0,0
341,2016-03-08 21:34:04+00:00,707318491263725568,"A recipe for happiness: ""Happy wife = happy life!"" Happy #InternationalWomenDay to one &amp; all. #IWD2016 https://t.co/OYBrikTtew",HappinessRpt,0,1,0,0
342,2016-03-08 19:00:27+00:00,707279833982611456,"An independent study finds the 
""Pursuit of happiness pays off with age"" https://t.co/uRwBuZoJni #Happiness2016 https://t.co/dStWkcx7kE",HappinessRpt,0,0,0,0
343,2016-03-07 17:31:19+00:00,706895013742039040,Do Larger Governments Lead to More Happiness? https://t.co/bDW3Cj7RKo,HappinessRpt,1,1,0,0
344,2016-03-07 16:41:11+00:00,706882397309165569,"Happiness falls in 40s but recovers in 50s and beyond, study reveals https://t.co/tyu7XyUh2P via @Independent_ie",HappinessRpt,0,0,0,0
345,2016-03-06 19:29:44+00:00,706562428436357122,"Happiness is more than the pursit of one's own pleasures, to ""Achieve Happiness: Make full use of your talents"" https://t.co/EHJ3j52Ip4",HappinessRpt,2,0,0,0
346,2016-03-06 18:12:40+00:00,706543030401167360,"""Happiness is when what you think, what you say, and what you do are in harmony."" - Mahatma Gandhi #Happiness2016 https://t.co/BvSlvj2TuQ",HappinessRpt,4,2,0,0
347,2016-03-06 02:06:56+00:00,706299997957046272,@Forbes reports: You can increase Happiness and your sense of well-being through Meditation. https://t.co/zx5xhmUiUa,HappinessRpt,2,0,0,0
348,2016-03-04 20:24:32+00:00,705851442872057856,Only 12 more days Until the #Happiness2016 Update is released! Stand by to check out this years country rankings! https://t.co/ldidpZts2j,HappinessRpt,0,0,0,0
349,2016-02-18 21:45:56+00:00,700436110464442368,"We are gearing up for the release of the 2016 Happiness Update, stay tuned for more on the March 16th launch event!",HappinessRpt,9,5,0,0
